PRAGMA foreign_keys=OFF;
BEGIN TRANSACTION;
CREATE TABLE map (
   zoom_level INTEGER,
   tile_column INTEGER,
   tile_row INTEGER,
   tile_id TEXT,
   grid_id TEXT
);
INSERT INTO map VALUES
(0,0,0,'1578fdca522831a6435f7795586c235b','a592787e1b98714c9af7ba3e494166db'),
(1,0,0,'ae0ac83504c9b8c59447d628c929a50f','f4e6039f6261ecdf5a9ca153121e5ad7'),
(1,0,1,'0335e33fad4e219d8d0bb36f34746a91','38119e84848bfb161d4d81e07d241b58'),
(1,1,0,'62c29e1510c08b974879d7eae28469e7','57a5641e4893608878e715fd628870cd'),
(1,1,1,'8dffe8763c6fdb018f24e54e5bba2755','710f5a40afdc3155cf458ebcfdd76c09');
CREATE TABLE grid_key (
    grid_id TEXT,
    key_name TEXT
);
INSERT INTO grid_key VALUES
('a592787e1b98714c9af7ba3e494166db','3'),
('a592787e1b98714c9af7ba3e494166db','4'),
('a592787e1b98714c9af7ba3e494166db','10'),
('a592787e1b98714c9af7ba3e494166db','13'),
('a592787e1b98714c9af7ba3e494166db','15'),
('a592787e1b98714c9af7ba3e494166db','17'),
('a592787e1b98714c9af7ba3e494166db','19'),
('a592787e1b98714c9af7ba3e494166db','24'),
('a592787e1b98714c9af7ba3e494166db','27'),
('a592787e1b98714c9af7ba3e494166db','33'),
('a592787e1b98714c9af7ba3e494166db','34'),
('a592787e1b98714c9af7ba3e494166db','38'),
('a592787e1b98714c9af7ba3e494166db','39'),
('a592787e1b98714c9af7ba3e494166db','40'),
('a592787e1b98714c9af7ba3e494166db','42'),
('a592787e1b98714c9af7ba3e494166db','43'),
('a592787e1b98714c9af7ba3e494166db','44'),
('a592787e1b98714c9af7ba3e494166db','45'),
('a592787e1b98714c9af7ba3e494166db','46'),
('a592787e1b98714c9af7ba3e494166db','47'),
('a592787e1b98714c9af7ba3e494166db','49'),
('a592787e1b98714c9af7ba3e494166db','53'),
('a592787e1b98714c9af7ba3e494166db','59'),
('a592787e1b98714c9af7ba3e494166db','62'),
('a592787e1b98714c9af7ba3e494166db','64'),
('a592787e1b98714c9af7ba3e494166db','65'),
('a592787e1b98714c9af7ba3e494166db','66'),
('a592787e1b98714c9af7ba3e494166db','67'),
('a592787e1b98714c9af7ba3e494166db','68'),
('a592787e1b98714c9af7ba3e494166db','69'),
('a592787e1b98714c9af7ba3e494166db','70'),
('a592787e1b98714c9af7ba3e494166db','71'),
('a592787e1b98714c9af7ba3e494166db','72'),
('a592787e1b98714c9af7ba3e494166db','74'),
('a592787e1b98714c9af7ba3e494166db','77'),
('a592787e1b98714c9af7ba3e494166db','79'),
('a592787e1b98714c9af7ba3e494166db','85'),
('a592787e1b98714c9af7ba3e494166db','87'),
('a592787e1b98714c9af7ba3e494166db','89'),
('a592787e1b98714c9af7ba3e494166db','94'),
('a592787e1b98714c9af7ba3e494166db','95'),
('a592787e1b98714c9af7ba3e494166db','96'),
('a592787e1b98714c9af7ba3e494166db','99'),
('a592787e1b98714c9af7ba3e494166db','101'),
('a592787e1b98714c9af7ba3e494166db','102'),
('a592787e1b98714c9af7ba3e494166db','104'),
('a592787e1b98714c9af7ba3e494166db','105'),
('a592787e1b98714c9af7ba3e494166db','106'),
('a592787e1b98714c9af7ba3e494166db','107'),
('a592787e1b98714c9af7ba3e494166db','109'),
('a592787e1b98714c9af7ba3e494166db','113'),
('a592787e1b98714c9af7ba3e494166db','115'),
('a592787e1b98714c9af7ba3e494166db','116'),
('a592787e1b98714c9af7ba3e494166db','119'),
('a592787e1b98714c9af7ba3e494166db','121'),
('a592787e1b98714c9af7ba3e494166db','127'),
('a592787e1b98714c9af7ba3e494166db','130'),
('a592787e1b98714c9af7ba3e494166db','137'),
('a592787e1b98714c9af7ba3e494166db','140'),
('a592787e1b98714c9af7ba3e494166db','141'),
('a592787e1b98714c9af7ba3e494166db','142'),
('a592787e1b98714c9af7ba3e494166db','145'),
('a592787e1b98714c9af7ba3e494166db','147'),
('a592787e1b98714c9af7ba3e494166db','149'),
('a592787e1b98714c9af7ba3e494166db','151'),
('a592787e1b98714c9af7ba3e494166db','152'),
('a592787e1b98714c9af7ba3e494166db','155'),
('a592787e1b98714c9af7ba3e494166db','156'),
('a592787e1b98714c9af7ba3e494166db','157'),
('a592787e1b98714c9af7ba3e494166db','159'),
('a592787e1b98714c9af7ba3e494166db','161'),
('a592787e1b98714c9af7ba3e494166db','162'),
('a592787e1b98714c9af7ba3e494166db','164'),
('a592787e1b98714c9af7ba3e494166db','165'),
('a592787e1b98714c9af7ba3e494166db','166'),
('a592787e1b98714c9af7ba3e494166db','168'),
('a592787e1b98714c9af7ba3e494166db','169'),
('a592787e1b98714c9af7ba3e494166db','170'),
('a592787e1b98714c9af7ba3e494166db','173'),
('a592787e1b98714c9af7ba3e494166db','174'),
('a592787e1b98714c9af7ba3e494166db','176'),
('a592787e1b98714c9af7ba3e494166db','177'),
('a592787e1b98714c9af7ba3e494166db','179'),
('a592787e1b98714c9af7ba3e494166db','181'),
('a592787e1b98714c9af7ba3e494166db','182'),
('a592787e1b98714c9af7ba3e494166db','183'),
('a592787e1b98714c9af7ba3e494166db','184'),
('a592787e1b98714c9af7ba3e494166db','185'),
('a592787e1b98714c9af7ba3e494166db','187'),
('a592787e1b98714c9af7ba3e494166db','188'),
('a592787e1b98714c9af7ba3e494166db','189'),
('a592787e1b98714c9af7ba3e494166db','190'),
('a592787e1b98714c9af7ba3e494166db','191'),
('a592787e1b98714c9af7ba3e494166db','196'),
('a592787e1b98714c9af7ba3e494166db','199'),
('a592787e1b98714c9af7ba3e494166db','200'),
('a592787e1b98714c9af7ba3e494166db','202'),
('a592787e1b98714c9af7ba3e494166db','204'),
('a592787e1b98714c9af7ba3e494166db','205'),
('a592787e1b98714c9af7ba3e494166db','207'),
('a592787e1b98714c9af7ba3e494166db','211'),
('a592787e1b98714c9af7ba3e494166db','212'),
('a592787e1b98714c9af7ba3e494166db','213'),
('a592787e1b98714c9af7ba3e494166db','214'),
('a592787e1b98714c9af7ba3e494166db','215'),
('a592787e1b98714c9af7ba3e494166db','217'),
('a592787e1b98714c9af7ba3e494166db','222'),
('a592787e1b98714c9af7ba3e494166db','224'),
('a592787e1b98714c9af7ba3e494166db','225'),
('a592787e1b98714c9af7ba3e494166db','226'),
('a592787e1b98714c9af7ba3e494166db','227'),
('a592787e1b98714c9af7ba3e494166db','228'),
('a592787e1b98714c9af7ba3e494166db','229'),
('a592787e1b98714c9af7ba3e494166db','232'),
('a592787e1b98714c9af7ba3e494166db','235'),
('a592787e1b98714c9af7ba3e494166db','237'),
('a592787e1b98714c9af7ba3e494166db','240'),
('a592787e1b98714c9af7ba3e494166db','241'),
('a592787e1b98714c9af7ba3e494166db','242'),
('a592787e1b98714c9af7ba3e494166db','243'),
('38119e84848bfb161d4d81e07d241b58','23'),
('38119e84848bfb161d4d81e07d241b58','27'),
('38119e84848bfb161d4d81e07d241b58','34'),
('38119e84848bfb161d4d81e07d241b58','40'),
('38119e84848bfb161d4d81e07d241b58','44'),
('38119e84848bfb161d4d81e07d241b58','49'),
('38119e84848bfb161d4d81e07d241b58','53'),
('38119e84848bfb161d4d81e07d241b58','55'),
('38119e84848bfb161d4d81e07d241b58','63'),
('38119e84848bfb161d4d81e07d241b58','64'),
('38119e84848bfb161d4d81e07d241b58','68'),
('38119e84848bfb161d4d81e07d241b58','74'),
('38119e84848bfb161d4d81e07d241b58','79'),
('38119e84848bfb161d4d81e07d241b58','82'),
('38119e84848bfb161d4d81e07d241b58','83'),
('38119e84848bfb161d4d81e07d241b58','85'),
('38119e84848bfb161d4d81e07d241b58','89'),
('38119e84848bfb161d4d81e07d241b58','90'),
('38119e84848bfb161d4d81e07d241b58','92'),
('38119e84848bfb161d4d81e07d241b58','95'),
('38119e84848bfb161d4d81e07d241b58','97'),
('38119e84848bfb161d4d81e07d241b58','104'),
('38119e84848bfb161d4d81e07d241b58','107'),
('38119e84848bfb161d4d81e07d241b58','126'),
('38119e84848bfb161d4d81e07d241b58','137'),
('38119e84848bfb161d4d81e07d241b58','142'),
('38119e84848bfb161d4d81e07d241b58','145'),
('38119e84848bfb161d4d81e07d241b58','152'),
('38119e84848bfb161d4d81e07d241b58','162'),
('38119e84848bfb161d4d81e07d241b58','171'),
('38119e84848bfb161d4d81e07d241b58','180'),
('38119e84848bfb161d4d81e07d241b58','185'),
('38119e84848bfb161d4d81e07d241b58','187'),
('38119e84848bfb161d4d81e07d241b58','191'),
('38119e84848bfb161d4d81e07d241b58','196'),
('38119e84848bfb161d4d81e07d241b58','197'),
('38119e84848bfb161d4d81e07d241b58','201'),
('38119e84848bfb161d4d81e07d241b58','204'),
('38119e84848bfb161d4d81e07d241b58','220'),
('38119e84848bfb161d4d81e07d241b58','228'),
('38119e84848bfb161d4d81e07d241b58','231'),
('38119e84848bfb161d4d81e07d241b58','232'),
('38119e84848bfb161d4d81e07d241b58','233'),
('f4e6039f6261ecdf5a9ca153121e5ad7','10'),
('f4e6039f6261ecdf5a9ca153121e5ad7','13'),
('f4e6039f6261ecdf5a9ca153121e5ad7','33'),
('f4e6039f6261ecdf5a9ca153121e5ad7','34'),
('f4e6039f6261ecdf5a9ca153121e5ad7','42'),
('f4e6039f6261ecdf5a9ca153121e5ad7','49'),
('f4e6039f6261ecdf5a9ca153121e5ad7','65'),
('f4e6039f6261ecdf5a9ca153121e5ad7','72'),
('f4e6039f6261ecdf5a9ca153121e5ad7','119'),
('f4e6039f6261ecdf5a9ca153121e5ad7','173'),
('f4e6039f6261ecdf5a9ca153121e5ad7','181'),
('f4e6039f6261ecdf5a9ca153121e5ad7','182'),
('f4e6039f6261ecdf5a9ca153121e5ad7','193'),
('f4e6039f6261ecdf5a9ca153121e5ad7','227'),
('f4e6039f6261ecdf5a9ca153121e5ad7','239'),
('57a5641e4893608878e715fd628870cd','4'),
('57a5641e4893608878e715fd628870cd','13'),
('57a5641e4893608878e715fd628870cd','15'),
('57a5641e4893608878e715fd628870cd','17'),
('57a5641e4893608878e715fd628870cd','38'),
('57a5641e4893608878e715fd628870cd','46'),
('57a5641e4893608878e715fd628870cd','47'),
('57a5641e4893608878e715fd628870cd','72'),
('57a5641e4893608878e715fd628870cd','77'),
('57a5641e4893608878e715fd628870cd','99'),
('57a5641e4893608878e715fd628870cd','116'),
('57a5641e4893608878e715fd628870cd','119'),
('57a5641e4893608878e715fd628870cd','140'),
('57a5641e4893608878e715fd628870cd','151'),
('57a5641e4893608878e715fd628870cd','155'),
('57a5641e4893608878e715fd628870cd','157'),
('57a5641e4893608878e715fd628870cd','158'),
('57a5641e4893608878e715fd628870cd','168'),
('57a5641e4893608878e715fd628870cd','176'),
('57a5641e4893608878e715fd628870cd','195'),
('57a5641e4893608878e715fd628870cd','200'),
('57a5641e4893608878e715fd628870cd','218'),
('57a5641e4893608878e715fd628870cd','224'),
('57a5641e4893608878e715fd628870cd','225'),
('57a5641e4893608878e715fd628870cd','236'),
('57a5641e4893608878e715fd628870cd','241'),
('57a5641e4893608878e715fd628870cd','242'),
('57a5641e4893608878e715fd628870cd','243'),
('710f5a40afdc3155cf458ebcfdd76c09','3'),
('710f5a40afdc3155cf458ebcfdd76c09','6'),
('710f5a40afdc3155cf458ebcfdd76c09','7'),
('710f5a40afdc3155cf458ebcfdd76c09','9'),
('710f5a40afdc3155cf458ebcfdd76c09','18'),
('710f5a40afdc3155cf458ebcfdd76c09','19'),
('710f5a40afdc3155cf458ebcfdd76c09','22'),
('710f5a40afdc3155cf458ebcfdd76c09','24'),
('710f5a40afdc3155cf458ebcfdd76c09','25'),
('710f5a40afdc3155cf458ebcfdd76c09','28'),
('710f5a40afdc3155cf458ebcfdd76c09','30'),
('710f5a40afdc3155cf458ebcfdd76c09','39'),
('710f5a40afdc3155cf458ebcfdd76c09','41'),
('710f5a40afdc3155cf458ebcfdd76c09','43'),
('710f5a40afdc3155cf458ebcfdd76c09','45'),
('710f5a40afdc3155cf458ebcfdd76c09','46'),
('710f5a40afdc3155cf458ebcfdd76c09','47'),
('710f5a40afdc3155cf458ebcfdd76c09','58'),
('710f5a40afdc3155cf458ebcfdd76c09','59'),
('710f5a40afdc3155cf458ebcfdd76c09','62'),
('710f5a40afdc3155cf458ebcfdd76c09','64'),
('710f5a40afdc3155cf458ebcfdd76c09','66'),
('710f5a40afdc3155cf458ebcfdd76c09','67'),
('710f5a40afdc3155cf458ebcfdd76c09','68'),
('710f5a40afdc3155cf458ebcfdd76c09','69'),
('710f5a40afdc3155cf458ebcfdd76c09','70'),
('710f5a40afdc3155cf458ebcfdd76c09','71'),
('710f5a40afdc3155cf458ebcfdd76c09','74'),
('710f5a40afdc3155cf458ebcfdd76c09','79'),
('710f5a40afdc3155cf458ebcfdd76c09','80'),
('710f5a40afdc3155cf458ebcfdd76c09','86'),
('710f5a40afdc3155cf458ebcfdd76c09','87'),
('710f5a40afdc3155cf458ebcfdd76c09','96'),
('710f5a40afdc3155cf458ebcfdd76c09','98'),
('710f5a40afdc3155cf458ebcfdd76c09','99'),
('710f5a40afdc3155cf458ebcfdd76c09','101'),
('710f5a40afdc3155cf458ebcfdd76c09','105'),
('710f5a40afdc3155cf458ebcfdd76c09','106'),
('710f5a40afdc3155cf458ebcfdd76c09','108'),
('710f5a40afdc3155cf458ebcfdd76c09','109'),
('710f5a40afdc3155cf458ebcfdd76c09','113'),
('710f5a40afdc3155cf458ebcfdd76c09','115'),
('710f5a40afdc3155cf458ebcfdd76c09','116'),
('710f5a40afdc3155cf458ebcfdd76c09','117'),
('710f5a40afdc3155cf458ebcfdd76c09','118'),
('710f5a40afdc3155cf458ebcfdd76c09','121'),
('710f5a40afdc3155cf458ebcfdd76c09','123'),
('710f5a40afdc3155cf458ebcfdd76c09','124'),
('710f5a40afdc3155cf458ebcfdd76c09','127'),
('710f5a40afdc3155cf458ebcfdd76c09','130'),
('710f5a40afdc3155cf458ebcfdd76c09','132'),
('710f5a40afdc3155cf458ebcfdd76c09','134'),
('710f5a40afdc3155cf458ebcfdd76c09','145'),
('710f5a40afdc3155cf458ebcfdd76c09','146'),
('710f5a40afdc3155cf458ebcfdd76c09','147'),
('710f5a40afdc3155cf458ebcfdd76c09','149'),
('710f5a40afdc3155cf458ebcfdd76c09','156'),
('710f5a40afdc3155cf458ebcfdd76c09','159'),
('710f5a40afdc3155cf458ebcfdd76c09','161'),
('710f5a40afdc3155cf458ebcfdd76c09','164'),
('710f5a40afdc3155cf458ebcfdd76c09','165'),
('710f5a40afdc3155cf458ebcfdd76c09','166'),
('710f5a40afdc3155cf458ebcfdd76c09','169'),
('710f5a40afdc3155cf458ebcfdd76c09','170'),
('710f5a40afdc3155cf458ebcfdd76c09','174'),
('710f5a40afdc3155cf458ebcfdd76c09','177'),
('710f5a40afdc3155cf458ebcfdd76c09','179'),
('710f5a40afdc3155cf458ebcfdd76c09','184'),
('710f5a40afdc3155cf458ebcfdd76c09','185'),
('710f5a40afdc3155cf458ebcfdd76c09','188'),
('710f5a40afdc3155cf458ebcfdd76c09','189'),
('710f5a40afdc3155cf458ebcfdd76c09','190'),
('710f5a40afdc3155cf458ebcfdd76c09','199'),
('710f5a40afdc3155cf458ebcfdd76c09','200'),
('710f5a40afdc3155cf458ebcfdd76c09','202'),
('710f5a40afdc3155cf458ebcfdd76c09','205'),
('710f5a40afdc3155cf458ebcfdd76c09','207'),
('710f5a40afdc3155cf458ebcfdd76c09','211'),
('710f5a40afdc3155cf458ebcfdd76c09','213'),
('710f5a40afdc3155cf458ebcfdd76c09','214'),
('710f5a40afdc3155cf458ebcfdd76c09','215'),
('710f5a40afdc3155cf458ebcfdd76c09','216'),
('710f5a40afdc3155cf458ebcfdd76c09','217'),
('710f5a40afdc3155cf458ebcfdd76c09','221'),
('710f5a40afdc3155cf458ebcfdd76c09','222'),
('710f5a40afdc3155cf458ebcfdd76c09','223'),
('710f5a40afdc3155cf458ebcfdd76c09','225'),
('710f5a40afdc3155cf458ebcfdd76c09','226'),
('710f5a40afdc3155cf458ebcfdd76c09','228'),
('710f5a40afdc3155cf458ebcfdd76c09','229'),
('710f5a40afdc3155cf458ebcfdd76c09','235'),
('710f5a40afdc3155cf458ebcfdd76c09','240');
CREATE TABLE keymap (
    key_name TEXT,
    key_json TEXT
);
INSERT INTO keymap VALUES
('3','{"admin":"Afghanistan","flag_png":"iVBORw0KGgo"}'),
('4','{"admin":"Angola","flag_png":"iVBORw0KGgo"}'),
('6','{"admin":"Albania","flag_png":"iVBORw0KGgo"}'),
('7','{"admin":"Aland","flag_png":"iVBORw0KGgo"}'),
('9','{"admin":"United Arab Emirates","flag_png":"iVBORw0KGgo"}'),
('10','{"admin":"Argentina","flag_png":"iVBORw0KGgo"}'),
('13','{"admin":"Antarctica","flag_png":"iVBORw0KGgo"}'),
('15','{"admin":"French Southern and Antarctic Lands","flag_png":"iVBORw0KGgo"}'),
('17','{"admin":"Australia","flag_png":"iVBORw0KGgo"}'),
('18','{"admin":"Austria","flag_png":"iVBORw0KGgo"}'),
('19','{"admin":"Azerbaijan","flag_png":"iVBORw0KGgo"}'),
('22','{"admin":"Benin","flag_png":"iVBORw0KGgo"}'),
('23','{"admin":"Burkina Faso","flag_png":"iVBORw0KGgo"}'),
('24','{"admin":"Bangladesh","flag_png":"iVBORw0KGgo"}'),
('25','{"admin":"Bulgaria","flag_png":"iVBORw0KGgo"}'),
('27','{"admin":"The Bahamas","flag_png":"iVBORw0KGgo"}'),
('28','{"admin":"Bosnia and Herzegovina","flag_png":"iVBORw0KGgo"}'),
('30','{"admin":"Belarus","flag_png":"iVBORw0KGgo"}'),
('33','{"admin":"Bolivia","flag_png":"iVBORw0KGgo"}'),
('34','{"admin":"Brazil","flag_png":"iVBORw0KGgo"}'),
('38','{"admin":"Botswana","flag_png":"iVBORw0KGgo"}'),
('39','{"admin":"Central African Republic","flag_png":"iVBORw0KGgo"}'),
('40','{"admin":"Canada","flag_png":"iVBORw0KGgo"}'),
('41','{"admin":"Switzerland","flag_png":"iVBORw0KGgo"}'),
('42','{"admin":"Chile","flag_png":"iVBORw0KGgo"}'),
('43','{"admin":"China","flag_png":"iVBORw0KGgo"}'),
('44','{"admin":"Ivory Coast","flag_png":"iVBORw0KGgo"}'),
('45','{"admin":"Cameroon","flag_png":"iVBORw0KGgo"}'),
('46','{"admin":"Democratic Republic of the Congo","flag_png":"iVBORw0KGgo"}'),
('47','{"admin":"Republic of the Congo","flag_png":"iVBORw0KGgo"}'),
('49','{"admin":"Colombia","flag_png":"iVBORw0KGgo"}'),
('53','{"admin":"Cuba","flag_png":"iVBORw0KGgo"}'),
('55','{"admin":"Cayman Islands","flag_png":"iVBORw0KGgo"}'),
('58','{"admin":"Czech Republic","flag_png":"iVBORw0KGgo"}'),
('59','{"admin":"Germany","flag_png":"iVBORw0KGgo"}'),
('62','{"admin":"Denmark","flag_png":"iVBORw0KGgo"}'),
('63','{"admin":"Dominican Republic","flag_png":"iVBORw0KGgo"}'),
('64','{"admin":"Algeria","flag_png":"iVBORw0KGgo"}'),
('65','{"admin":"Ecuador","flag_png":"iVBORw0KGgo"}'),
('66','{"admin":"Egypt","flag_png":"iVBORw0KGgo"}'),
('67','{"admin":"Eritrea","flag_png":"iVBORw0KGgo"}'),
('68','{"admin":"Spain","flag_png":"iVBORw0KGgo"}'),
('69','{"admin":"Estonia","flag_png":"iVBORw0KGgo"}'),
('70','{"admin":"Ethiopia","flag_png":"iVBORw0KGgo"}'),
('71','{"admin":"Finland","flag_png":"iVBORw0KGgo"}'),
('72','{"admin":"Fiji","flag_png":"iVBORw0KGgo"}'),
('74','{"admin":"France","flag_png":"iVBORw0KGgo"}'),
('77','{"admin":"Gabon","flag_png":"iVBORw0KGgo"}'),
('79','{"admin":"United Kingdom","flag_png":"iVBORw0KGgo"}'),
('80','{"admin":"Georgia","flag_png":"iVBORw0KGgo"}'),
('82','{"admin":"Ghana","flag_png":"iVBORw0KGgo"}'),
('83','{"admin":"Guinea","flag_png":"iVBORw0KGgo"}'),
('85','{"admin":"Guinea Bissau","flag_png":"iVBORw0KGgo"}'),
('86','{"admin":"Equatorial Guinea","flag_png":"iVBORw0KGgo"}'),
('87','{"admin":"Greece","flag_png":"iVBORw0KGgo"}'),
('89','{"admin":"Greenland","flag_png":"iVBORw0KGgo"}'),
('90','{"admin":"Guatemala","flag_png":"iVBORw0KGgo"}'),
('92','{"admin":"Guyana","flag_png":"iVBORw0KGgo"}'),
('94','{"admin":"Heard Island and McDonald Islands","flag_png":"iVBORw0KGgo"}'),
('95','{"admin":"Honduras","flag_png":"iVBORw0KGgo"}'),
('96','{"admin":"Croatia","flag_png":"iVBORw0KGgo"}'),
('97','{"admin":"Haiti","flag_png":"iVBORw0KGgo"}'),
('98','{"admin":"Hungary","flag_png":"iVBORw0KGgo"}'),
('99','{"admin":"Indonesia","flag_png":"iVBORw0KGgo"}'),
('101','{"admin":"India","flag_png":"iVBORw0KGgo"}'),
('102','{"admin":"Indian Ocean Territories","flag_png":"iVBORw0KGgo"}'),
('104','{"admin":"Ireland","flag_png":"iVBORw0KGgo"}'),
('105','{"admin":"Iran","flag_png":"iVBORw0KGgo"}'),
('106','{"admin":"Iraq","flag_png":"iVBORw0KGgo"}'),
('107','{"admin":"Iceland","flag_png":"iVBORw0KGgo"}'),
('108','{"admin":"Israel","flag_png":"iVBORw0KGgo"}'),
('109','{"admin":"Italy","flag_png":"iVBORw0KGgo"}'),
('113','{"admin":"Japan","flag_png":"iVBORw0KGgo"}'),
('115','{"admin":"Kazakhstan","flag_png":"iVBORw0KGgo"}'),
('116','{"admin":"Kenya","flag_png":"iVBORw0KGgo"}'),
('117','{"admin":"Kyrgyzstan","flag_png":"iVBORw0KGgo"}'),
('118','{"admin":"Cambodia","flag_png":"iVBORw0KGgo"}'),
('119','{"admin":"Kiribati","flag_png":"iVBORw0KGgo"}'),
('121','{"admin":"South Korea","flag_png":"iVBORw0KGgo"}'),
('123','{"admin":"Kuwait","flag_png":"iVBORw0KGgo"}'),
('124','{"admin":"Laos","flag_png":"iVBORw0KGgo"}'),
('126','{"admin":"Liberia","flag_png":"iVBORw0KGgo"}'),
('127','{"admin":"Libya","flag_png":"iVBORw0KGgo"}'),
('130','{"admin":"Sri Lanka","flag_png":"iVBORw0KGgo"}'),
('132','{"admin":"Lithuania","flag_png":"iVBORw0KGgo"}'),
('134','{"admin":"Latvia","flag_png":"iVBORw0KGgo"}'),
('137','{"admin":"Morocco","flag_png":"iVBORw0KGgo"}'),
('140','{"admin":"Madagascar","flag_png":"iVBORw0KGgo"}'),
('141','{"admin":"Maldives","flag_png":"iVBORw0KGgo"}'),
('142','{"admin":"Mexico","flag_png":"iVBORw0KGgo"}'),
('145','{"admin":"Mali","flag_png":"iVBORw0KGgo"}'),
('146','{"admin":"Malta","flag_png":"iVBORw0KGgo"}'),
('147','{"admin":"Myanmar","flag_png":"iVBORw0KGgo"}'),
('149','{"admin":"Mongolia","flag_png":"iVBORw0KGgo"}'),
('151','{"admin":"Mozambique","flag_png":"iVBORw0KGgo"}'),
('152','{"admin":"Mauritania","flag_png":"iVBORw0KGgo"}'),
('155','{"admin":"Malawi","flag_png":"iVBORw0KGgo"}'),
('156','{"admin":"Malaysia","flag_png":"iVBORw0KGgo"}'),
('157','{"admin":"Namibia","flag_png":"iVBORw0KGgo"}'),
('158','{"admin":"New Caledonia","flag_png":"iVBORw0KGgo"}'),
('159','{"admin":"Niger","flag_png":"iVBORw0KGgo"}'),
('161','{"admin":"Nigeria","flag_png":"iVBORw0KGgo"}'),
('162','{"admin":"Nicaragua","flag_png":"iVBORw0KGgo"}'),
('164','{"admin":"Netherlands","flag_png":"iVBORw0KGgo"}'),
('165','{"admin":"Norway","flag_png":"iVBORw0KGgo"}'),
('166','{"admin":"Nepal","flag_png":"iVBORw0KGgo"}'),
('168','{"admin":"New Zealand","flag_png":"iVBORw0KGgo"}'),
('169','{"admin":"Oman","flag_png":"iVBORw0KGgo"}'),
('170','{"admin":"Pakistan","flag_png":"iVBORw0KGgo"}'),
('171','{"admin":"Panama","flag_png":"iVBORw0KGgo"}'),
('173','{"admin":"Peru","flag_png":"iVBORw0KGgo"}'),
('174','{"admin":"Philippines","flag_png":"iVBORw0KGgo"}'),
('176','{"admin":"Papua New Guinea","flag_png":"iVBORw0KGgo"}'),
('177','{"admin":"Poland","flag_png":"iVBORw0KGgo"}'),
('179','{"admin":"North Korea","flag_png":"iVBORw0KGgo"}'),
('180','{"admin":"Portugal","flag_png":"iVBORw0KGgo"}'),
('181','{"admin":"Paraguay","flag_png":"iVBORw0KGgo"}'),
('182','{"admin":"French Polynesia","flag_png":"iVBORw0KGgo"}'),
('183','{"admin":"Qatar","flag_png":"iVBORw0KGgo"}'),
('184','{"admin":"Romania","flag_png":"iVBORw0KGgo"}'),
('185','{"admin":"Russia","flag_png":"iVBORw0KGgo"}'),
('187','{"admin":"Western Sahara","flag_png":"iVBORw0KGgo"}'),
('188','{"admin":"Saudi Arabia","flag_png":"iVBORw0KGgo"}'),
('189','{"admin":"Sudan","flag_png":"iVBORw0KGgo"}'),
('190','{"admin":"South Sudan","flag_png":"iVBORw0KGgo"}'),
('191','{"admin":"Senegal","flag_png":"iVBORw0KGgo"}'),
('193','{"admin":"South Georgia and South Sandwich Islands","flag_png":"iVBORw0KGgo"}'),
('195','{"admin":"Solomon Islands","flag_png":"iVBORw0KGgo"}'),
('196','{"admin":"Sierra Leone","flag_png":"iVBORw0KGgo"}'),
('197','{"admin":"El Salvador","flag_png":"iVBORw0KGgo"}'),
('199','{"admin":"Somaliland","flag_png":"iVBORw0KGgo"}'),
('200','{"admin":"Somalia","flag_png":"iVBORw0KGgo"}'),
('201','{"admin":"Saint Pierre and Miquelon","flag_png":"iVBORw0KGgo"}'),
('202','{"admin":"Republic of Serbia","flag_png":"iVBORw0KGgo"}'),
('204','{"admin":"Suriname","flag_png":"iVBORw0KGgo"}'),
('205','{"admin":"Slovakia","flag_png":"iVBORw0KGgo"}'),
('207','{"admin":"Sweden","flag_png":"iVBORw0KGgo"}'),
('211','{"admin":"Syria","flag_png":"iVBORw0KGgo"}'),
('212','{"admin":"Turks and Caicos Islands","flag_png":"iVBORw0KGgo"}'),
('213','{"admin":"Chad","flag_png":"iVBORw0KGgo"}'),
('214','{"admin":"Togo","flag_png":"iVBORw0KGgo"}'),
('215','{"admin":"Thailand","flag_png":"iVBORw0KGgo"}'),
('216','{"admin":"Tajikistan","flag_png":"iVBORw0KGgo"}'),
('217','{"admin":"Turkmenistan","flag_png":"iVBORw0KGgo"}'),
('218','{"admin":"East Timor","flag_png":"iVBORw0KGgo"}'),
('220','{"admin":"Trinidad and Tobago","flag_png":"iVBORw0KGgo"}'),
('221','{"admin":"Tunisia","flag_png":"iVBORw0KGgo"}'),
('222','{"admin":"Turkey","flag_png":"iVBORw0KGgo"}'),
('223','{"admin":"Taiwan","flag_png":"iVBORw0KGgo"}'),
('224','{"admin":"United Republic of Tanzania","flag_png":"iVBORw0KGgo"}'),
('225','{"admin":"Uganda","flag_png":"iVBORw0KGgo"}'),
('226','{"admin":"Ukraine","flag_png":"iVBORw0KGgo"}'),
('227','{"admin":"Uruguay","flag_png":"iVBORw0KGgo"}'),
('228','{"admin":"United States of America","flag_png":"iVBORw0KGgo"}'),
('229','{"admin":"Uzbekistan","flag_png":"iVBORw0KGgo"}'),
('231','{"admin":"Saint Vincent and the Grenadines","flag_png":"iVBORw0KGgo"}'),
('232','{"admin":"Venezuela","flag_png":"iVBORw0KGgo"}'),
('233','{"admin":"British Virgin Islands","flag_png":"iVBORw0KGgo"}'),
('235','{"admin":"Vietnam","flag_png":"iVBORw0KGgo"}'),
('236','{"admin":"Vanuatu","flag_png":"iVBORw0KGgo"}'),
('237','{"admin":"West Bank","flag_png":"iVBORw0KGgo"}'),
('239','{"admin":"Samoa","flag_png":"iVBORw0KGgo"}'),
('240','{"admin":"Yemen","flag_png":"iVBORw0KGgo"}'),
('241','{"admin":"South Africa","flag_png":"iVBORw0KGgo"}'),
('242','{"admin":"Zambia","flag_png":"iVBORw0KGgo"}'),
('243','{"admin":"Zimbabwe","flag_png":"iVBORw0KGgo"}');
CREATE TABLE grid_utfgrid (
    grid_id TEXT,
    grid_utfgrid BLOB
);
INSERT INTO grid_utfgrid VALUES
('a592787e1b98714c9af7ba3e494166db',X'789ccd988b5a1b5510c75fe5902cd022da9cddcdad50b12dda62a8895aa9c017a4951a2b78295553e4a2d4d622def1cee3ec9379e63f7bb267376793852efd9c1326cbeccc6f6e4be063bbd0d9bcb756b8b85c10cf2885c9ff396244c9a91145258cc8c2b02008501cd1721a443115e1388e5282f4408495303aca0861bca522d41068107184228cc6aa1984283263c45a8501494714c3464412118f75627524102c74695b08473a0e233428860807018615d12338c6661288a80c0bc2d1f19a625631a68467996484d1e1566308dd9042388cd0c1ba1593303ede171b09211c13d1c30070ee1c6a188610dc4931265485d088f1f1f3e78721625508bd123d4655441a8146aa11a40c4431dac304215eb003b09410210c44f478850831d9bf09268870230c301f0b93f1e2c4c44b174a524a0a725d57c77b5c45f2d11a63e1a568a3effb17ca92182e4b05c288bea7734c33d42bb2fad56aad7e5155e14e11c1f340f03c67daf23332d613e3b1be744988eacb333333af88cb5353535e2857ae88694b15c24210576767855088575fbb76edf2f5398d10af4f5b110d0b4121e6e7e76fbcd15488eb73732d8d98d61e894fad46a3a1f49b86e5ad5946dc6836dfbea908ad775a0b408804622c6288c6ad5bef4684c5a5a5d9e5f6fcca4ab3d9bc2944abd57a6f6175d520587e09346edf56da0fbfbbb3b8b8b4bcdc6eafacbcbfb6260821c4c2dd55311021c407a2d3e984d71fde5bfa687dbdddded8f8f8934fc9f019a95571fffe4084d8dcec741ee86f3e17eb5f7cd9dd78b805c257ea6b7b47ecec0cac6257ec6eee91f42c5f07df74bb0fb722976db18d1749b01fec5b0b091e058ff662a06eb71b7c4bc7f02290f27d1c3c8ed513ec2751c1937851c177ea3c55b483c8f43dbf1dd2114c54c0e007587f4c56f784913dcb4fea3c0d7e0e7e090e825fe3ce8721335663b2dfdf82a3e0c8a89088bf2bde8188e134cc40a611ff50e768cfb4fc4927e175d84fb403558544fc2b66b31005cf2f23cf56b98d47ef7fa783326008940b862103ba4a8bf9c7624ca3a467fe37732d8330592b39919c2122387e66861d111cb39ddefb4f1896b225ed62b1f600766e149a053d1434f8d892b03d96e6f4098c5466a6d419e4982f4a38cc31a79cd1ca9e53c244a343dcf456734f9c01996b66e3476348c35ae5f440f5facde49ce39c33f5ab3bcd2dafde70f85937c435bfac66eedcb1272820fbb6cfe6d09f98c76730d91354d09e2cacdfdd7a40ff2e54d5d4ea4af925a564ad4cba42da756ba44b55b24057252972ae40b9b8e323827499acb25a457085ae25817c8fc27cc080f7e157225dafc00c520d2e2e6e4a8aa9500135c6c1836eb91205a10ce9d13572bb52028ab448e3c10d5db9b8e783e1220469112d6b3584908bcb06d68847a312eed2277bd94332a0cad03e7a2a736d08c23c5d54e5d1cd3a3cea94a1826e306b57f2ac5df891e6e1f348248f1585d7c99d3ba9035dc2b5078dc1fa6cc625140680b582e6822cb90d628223cb64c0b23d8ac2e6d0a594bc4a348b4e64957c3d32a0311e6699878e6b3c21bc48bec7ad622265de3b15cc81350af478f270c3f879fe583b86534766afd0defd0f86930435'),
('38119e84848bfb161d4d81e07d241b58',X'789cedd8cd72d3301000e057d9587143491b62d949ec96420aa1e5a76fc0f406c330dce0c430bc3bda952c4bd64a96870317b633aa627bbfacd63f69faabf8f2fdeba7e2ea63017f19c5c57fe25f130b8cd98450e1028e9147081d9e608d1c42d870f2675511112c32878031a1914962a84104c06c22ac6191b790840099bd181a1133d28400e79a88ac2345a8b4e95e26097a67610b6188a92a74b2ed062c66b713b34c15d1564c54319c4bbd1e15411d53bd105e988db3cf48df93818019449f254c4f5822bd10d19f522104f7c472841461b2c1ed46a48aa599960ce15ca2d132862a4a8c40191b0e1010a50931e40ea58035f85e2c5da1742f06930d4e4b438108cf106cd83202c0100a292145f4adb104a69ea91fbb9025bf1097f09aa1dffd4c057346a20b0196889c112edd9c649f707ae10921d15f25fd7d3716c6048486bdd0fadb2d4690627e3184abf9b16288b090a4b15a39edb45bb9b56410cc6dea1a7e639c78029a28fdcd21316e6e48041105c232561162b84cbc2b059832e03c83304889e94f998e66112a5b8fdca1b984ff4c7462bd5ee7116594b8984104b9534468f045a895443f537305b8bc8c7f2c6f3285670942857e840477c0b00a2524083236e619b28dd450c93441889e6f79a392b27608a6584d6c360d34c019151275fa4f575a8b527600fb03b4e3dd524e13847457fd8bf3d1ceeb6b3432be8f3cbfb931b3170151d7f5cbacef668a38deaa7835dafefa74aaeb37795fefeeee88b8bd1fef787b7a9749a82a8e88dcbf1fb7e343367124e241110fc1bee2f1a2f8f6f9e70ffc4786e2da4e0dcd560d55bb53a3942dceb707351e3a9a3638c5416e2b35eee98096526a3cac6a246ea623e8754be34ed23e447778127738eb70d71e5fea8ba343a6c33d5557d148b97b4947543462811dcd68abc414aab5c55d2dbdcd010fed68daed3141d78b63257143dd148fbfff00bb346736'),
('f4e6039f6261ecdf5a9ca153121e5ad7',X'789cd5d85f4f83400c00f0af82b74d5160963f3ae757317bd318e39b3e19e377f70a6ceca02d2d2c3336193baef0bb76072ffb76af1f6fcfeef1c9452371819fc572b96aa39f7729129763ccc2c7aa0b82300aa13120ae38434708fd7823161bb9d6b412c73147dc1c3741f7511b02315a4113491ca729b5ad46229d4764595613fd8444242431b8cc564546146125d6eb61c24a100935510b1995b11164c644d09933134ce68c447212824be91b49b88ce5e9ecc6b7d388882bc34070f11f09384115946122607615b4602118c14430f37a02e6560175cc23229af09333ab000571b88d2240200ed7b68b03dd4893e5aa80868130faeb704470834030558018f452213101d0136cb7012137019ca0258edeb11a23091831f60f593b2609d1883444d4af6f6874c4fed9ee118a1d69d7e77744fe450fbd4a3ba2dfd570de4084effd3462bf7302a1298398343642cd3604041b2d183c1171694d74c4e4387a47fe96c0af13107310b74bddfbcbd727fe91e1b9fb3b7fc837a53f565b7f282b3ccf71983f143881a9a2c4890d9e57459dcaf188f514c506875bbc2c2fddeee717805e8283'),
('57a5641e4893608878e715fd628870cd',X'789cedd8db52c2301000d05f596ac1da8b34694a09355fe2f0a6e338bee993e3f8ef66b717d296a6401ca7c3b803cb92744fd3db037c792fefaf4fdeeed10380c56271e3eb582e57ab5b18461004f4a62ae84cdd8117230195e08761b83a22549d410d0541140144ed5c4d80df10e15102b01b3ff0a5098d447d228e63df4f9251a259c93d561119ebf5808893244943364a54c1795b0e890409a689cc2aa0c1cda19a1044e439d3446621781dc6d0a6598510a22834a14b0bc179cfd81a074284b413dc0c1ad941879085949288e935748ea52140488cd143388590ee044c0a1531bc280661ef87f6aeea5fd60371469844791961de9e65e94a94eeab282f3c1787d0822b0113c4833b311da53bf117e7e29fb86e429d49281d46b36a03a02d0cf8086174185f7a31be0a739fca22984a9fe86c63030e06124d43bf658aa8154d8ccf4f13ca4e9c224c10270a8e04cc81806b21d43c2eaa3b318bd309b358c54c88793c66f3b83bd56f3c666838134a5d0fb18fbdb7e7cf0ffc23437345a193a084bf8239cf75668cea34d5594a1a903429b02e70122b2e3866b6c551498d7995196d8749a43450d0e619ee107b326ce119ed45d0c639211bca6464defefb0761651d78'),
('710f5a40afdc3155cf458ebcfdd76c09',X'789cedd8fb5712411407f07fe52e682f25986159d8a2a4d4d2342a35303a9015945250f94a2cfbdb9bfb9d1df68d18e7d42fdd739cd69d3b9fb97bf7713cfdc87c3c3ce866eebcced08c9159fc4ffc27fe2a61cd4c5c4148262c26c68a654d0613084b47f0c49444369ba5ac59125a351d9145c4662d53d694447ad264632a62f2b5985e8c1b918acc4a4cba94f11d49ebe598b0d22653df91c0122bf2a4e0c89f4e7bc0cd02cb172c7f2e54522a11ab2170669a0b093fde01c31a1bd311c18bf090a41b934298d18a0745efcf04226179588a13c167dcb2bc17760ac57fb454cc05bb78c97a3ffc077c7e7e4ed3d32f8e10f38ad046a0d23f24ae1ce67ba1049a9d989b85c87233e91f10e695f5896b73973d9051c27b633c82bb79fdfa1556fb2fa3f774de2045dcbcf94782216ecc13ddbab5701521482c12e572b75584897c3e7f491514200a9a5858102228c4112903864714f942ec5c2e575284e03005e48386e3180246f8eba908db5646a95c16c233f2a170fc90521be1ef93262aee9dbb77abd5aa5f851f326e84fe82f108d7bd777f69a95a250894cfd76a0650110264ec0b0c82d8585a7a80330fd9a8d518595e5e96bea1851525acae468847442eb9eee3b5b575c49327b4b1b1c1484d0bc15859518b56a3553cd2476b86d8dc6442194f9f46d693240831a25eaf3fa3e730687dfdc5d6d626c7c6f6f6f6ce4ed4a0972f5309132f0c01a1d18811ab11604c349bd46ceed2eeab566b4b1b2cc40819ed834fd49b1cbb2a5a2a5e33b1b303a2cd0b1b01221e49448b34d1e068b71b8d4e6782102308c69b3d35e5198db71d43bc7b17bf0c10efebf56eb7dbeb353f708068edb1d1f0898ffbfb293568e27d17440f04977100c133883a9d7e7f9f58f83489e819e2f3810a6f520bcae8b33181e87607dd811186c331000323f5fb5f34916428e2ebb7c16070e819c3e1d1d1d1719820ead33e88c4329818803839393d3d1d721c07e6bfeb2accaf290491120e4fce4eceb4717c1c4d1ad139ff737e9ed40af357ce8f9f3fcf545c5cfcfa15176834e2d5e7a3448132edc5cca7dee888ff234371a252e2d1e1b12cd4200b653e543f8ecb83e4e9a28d918f8b059ee6a9120fa2cca9426885d3d4078b3f6b451c563899cf96f848d82e76e0649b371305183ce722a1c2b92e03582a0b120c96f1aa4a01bb614f1421046fe47032afaa94918fa2b148a762472938c3ab11bbdbd848e84af8b808177be88c024689763838a1cbc42891aecfdb9c8282d036a97741828dde947439385341a2ce29a234bb805964a25f0eea76787b5d0f9a248576b97fc875754339a308d445326e12ae0e09a284dee0bee80661b1ea47fbe2379fbd000f');
CREATE TABLE images (
    tile_data blob,
    tile_id text
);
INSERT INTO images VALUES
(X'89504E470D0A1A0A','1578fdca522831a6435f7795586c235b'),
(X'89504E470D0A1A0A','ae0ac83504c9b8c59447d628c929a50f'),
(X'89504E470D0A1A0A','0335e33fad4e219d8d0bb36f34746a91'),
(X'89504E470D0A1A0A','62c29e1510c08b974879d7eae28469e7'),
(X'89504E470D0A1A0A','8dffe8763c6fdb018f24e54e5bba2755');
CREATE TABLE metadata (
    name text,
    value text
);
INSERT INTO metadata VALUES
('minzoom','0'),
('maxzoom','1'),
('legend','<div style="text-align:center;">' || x'0A0A' || '<div style="font:12pt/16pt Georgia,serif;">Geography Class</div>' || x'0A' || '<div style="font:italic 10pt/16pt Georgia,serif;">by MapBox</div>' || x'0A0A' || '<img src="data:image/png;base64,iVBORw0KGgo">' || x'0A' || '</div>'),
('name','Geography Class'),
('description','One of the example maps that comes with TileMill - a bright & colorful world map that blends retro and high-tech with its folded paper texture and interactive flag tooltips. '),
('attribution',''),
('template','{{#__location__}}{{/__location__}}{{#__teaser__}}<div style="text-align:center;">' || x'0A0A' || '<img src="data:image/png;base64,{{flag_png}}" style="-moz-box-shadow:0px 1px 3px #222;-webkit-box-shadow:0px 1px 5px #222;box-shadow:0px 1px 3px #222;"><br>' || x'0A' || '<strong>{{admin}}</strong>' || x'0A0A' || '</div>{{/__teaser__}}{{#__full__}}{{/__full__}}'),
('version','1.0.0');
CREATE VIEW tiles AS
    SELECT
        map.zoom_level AS zoom_level,
        map.tile_column AS tile_column,
        map.tile_row AS tile_row,
        images.tile_data AS tile_data
    FROM map
    JOIN images ON images.tile_id = map.tile_id;
CREATE VIEW grids AS
    SELECT
        map.zoom_level AS zoom_level,
        map.tile_column AS tile_column,
        map.tile_row AS tile_row,
        grid_utfgrid.grid_utfgrid AS grid
    FROM map
    JOIN grid_utfgrid ON grid_utfgrid.grid_id = map.grid_id;
CREATE VIEW grid_data AS
    SELECT
        map.zoom_level AS zoom_level,
        map.tile_column AS tile_column,
        map.tile_row AS tile_row,
        keymap.key_name AS key_name,
        keymap.key_json AS key_json
    FROM map
    JOIN grid_key ON map.grid_id = grid_key.grid_id
    JOIN keymap ON grid_key.key_name = keymap.key_name;
CREATE UNIQUE INDEX map_index ON map (zoom_level, tile_column, tile_row);
CREATE UNIQUE INDEX grid_key_lookup ON grid_key (grid_id, key_name);
CREATE UNIQUE INDEX keymap_lookup ON keymap (key_name);
CREATE UNIQUE INDEX grid_utfgrid_lookup ON grid_utfgrid (grid_id);
CREATE UNIQUE INDEX images_id ON images (tile_id);
CREATE UNIQUE INDEX name ON metadata (name);
COMMIT;
